	gene_name	R	E	T	TSS	PF	CTCF	WE	total_blocks	gene_type	block_id	new_mr_sites	patients	isTAD	enhancers	patient_id	geneType_meanScore	num_of_patients	diffExp_pval	dmr_pval	median_scores	mean_scores
0	BCL2	1.4099387691962575	5.0	2.050122295963125	5.0	2.696803942579511	0.7832800328097218	3.214670164989233	4.342923104481638e-06	TSS~gene~TSS~gene~gene~gene~gene~5dist~gene~gene~gene~gene~gene~gene~gene	block_66303_18_60983692_60986805~block_66303_18_60983692_60986805~block_66304_18_60988053_60988779~block_66293_18_60805228_60806533~block_66299_18_60874328_60874374~block_66298_18_60873246_60873498~block_66295_18_60827704_60829009~block_66305_18_61034975_61034975~block_66302_18_60967792_60967792~block_66301_18_60959744_60959744~block_66300_18_60876120_60876259~block_66297_18_60839471_60839483~block_66296_18_60830305_60830305~block_66294_18_60811577_60811577~block_66292_18_60794375_60794375	chr18:mr22253, chr18:mr22255~chr18:mr22253, chr18:mr22255~chr18:mr22255~nan~chr18:mr22187~chr18:mr22186~nan~nan~nan~nan~nan~nan~nan~chr18:mr22149~nan	13~13~11~3~2~2~2~1~1~1~1~1~1~1~1	1.0~1.0~1.0~1.0~1.0~1.0~1.0~1.0~1.0~1.0~1.0~1.0~1.0~1.0~1.0	enhancer~enhancer~nan~enhancer~enhancer~enhancer~enhancer~nan~enhancer~enhancer~enhancer~enhancer~enhancer~enhancer~nan	patient_0,patient_1,patient_2,patient_3,patient_4,patient_5,patient_7,patient_8,patient_9,patient_10,patient_11,patient_12,patient_13~patient_0,patient_1,patient_2,patient_3,patient_4,patient_5,patient_7,patient_8,patient_9,patient_10,patient_11,patient_12,patient_13~patient_0,patient_1,patient_2,patient_3,patient_4,patient_5,patient_8,patient_9,patient_10,patient_11,patient_12~patient_2,patient_3,patient_5~patient_3,patient_7~patient_3,patient_5~patient_4,patient_5~patient_2~patient_11~patient_7~patient_3~patient_3~patient_4~patient_13~patient_4	3.8	13	1.6611752467691826e-06	1.0	0.9282051282051282	0.7851385563927298
1	BCL7A	0.5196911691400604	3.508638306165728	1.9240882385172224	3.958607314841775	1.4246966665776009	4.342923104481638e-06	1.064946410768935	4.342923104481638e-06	gene~TSS~gene~gene~gene~gene~5dist	block_57379_12_122461723_122462217~block_57377_12_122458040_122459398~block_57378_12_122460875_122461209~block_57382_12_122489651_122489656~block_57381_12_122463800_122463800~block_57380_12_122463085_122463085~block_57376_12_122448466_122448466	chr12:mr46132~chr12:mr46132~chr12:mr46132~nan~chr12:mr46133~chr12:mr46133~chr12:mr46125	5~4~3~1~1~1~1	1.0~1.0~1.0~1.0~1.0~1.0~1.0	enhancer~nan~enhancer~enhancer~enhancer~enhancer~enhancer	patient_3,patient_4,patient_5,patient_6,patient_10~patient_0,patient_3,patient_8,patient_10~patient_3,patient_5,patient_8~patient_10~patient_3~patient_3~patient_5	3.857142857142857	7	2.939127709591351e-09	1.0	0.706959706959707	0.7182158514993248
2	EZR	1.5344684430264504	0.4251472454822049	0.0126421400169471	2.9956786262173574	4.342923104481638e-06	4.342923104481638e-06	0.6388200981863992	4.342923104481638e-06	5dist~5dist~5dist~5dist~5dist~5dist~5dist~TSS~gene~gene~5dist~5dist~5dist~5dist~5dist~5dist~5dist~5dist~5dist~5dist~5dist	block_35816_6_159488669_159488669~block_35815_6_159437949_159437949~block_35814_6_159432487_159432487~block_35813_6_159390473_159390473~block_35812_6_159378757_159378757~block_35811_6_159339189_159339189~block_35810_6_159332076_159332076~block_35809_6_159238720_159238720~block_35809_6_159238720_159238720~block_35808_6_159237302_159237313~block_35817_6_159505848_159505848~block_35818_6_159534282_159534282~block_35819_6_159553414_159553414~block_35828_6_159997693_159997693~block_35827_6_159958497_159958497~block_35826_6_159935381_159935381~block_35825_6_159866225_159866225~block_35824_6_159858195_159858195~block_35823_6_159832974_159832974~block_35822_6_159823016_159823016~block_35821_6_159794467_159794467	chr6:mr52666~nan~nan~nan~nan~chr6:mr52584~nan~nan~nan~nan~nan~chr6:mr52688~nan~nan~nan~nan~nan~chr6:mr52843~nan~chr6:mr52824~nan	1~1~1~1~1~1~1~1~1~1~1~1~1~1~1~1~1~1~1~1~1	1.0~1.0~1.0~1.0~1.0~1.0~1.0~1.0~1.0~1.0~1.0~1.0~1.0~1.0~1.0~1.0~1.0~1.0~1.0~1.0~1.0	enhancer~enhancer~enhancer~enhancer~enhancer~enhancer~enhancer~nan~nan~nan~enhancer~enhancer~enhancer~enhancer~nan~nan~enhancer~enhancer~enhancer~enhancer~enhancer	patient_6~patient_1~patient_3~patient_3~patient_10~patient_3~patient_8~patient_3~patient_3~patient_10~patient_4~patient_3~patient_8~patient_3~patient_11~patient_7~patient_1~patient_12~patient_12~patient_10~patient_5	2.952380952380953	10	5.1158987700112966e-08	0.9999999999997862	0.6715506715506716	0.6808111635198243
3	CDCA4	3.958607314841775	3.958607314841775	0.7335095916888559	2.5214335044061564	0.8455455938604358	0.5049971335613757	0.4863696167476076	4.342923104481638e-06	5dist~5dist~5dist~5dist~5dist~5dist~5dist~5dist~5dist~5dist~5dist~5dist~5dist~5dist~5dist~5dist~5dist~5dist~5dist~5dist~5dist~5dist~5dist~5dist~5dist~5dist~5dist~5dist~5dist~5dist	block_61069_14_106324309_106330111~block_61055_14_106112389_106114416~block_61064_14_106211828_106213823~block_61049_14_106067951_106069983~block_61067_14_106240052_106241976~block_61047_14_106042683_106043045~block_61063_14_106210642_106210934~block_61050_14_106071165_106071221~block_61062_14_106208649_106208869~block_61066_14_106239459_106239478~block_61068_14_106322630_106323782~block_61046_14_106033382_106033460~block_61045_14_106031542_106031555~block_61035_14_105589487_105589487~block_61061_14_106176672_106176807~block_61065_14_106214726_106214726~block_61060_14_106166176_106166176~block_61040_14_105982560_105982560~block_61059_14_106163538_106163538~block_61058_14_106161528_106161528~block_61057_14_106156758_106156758~block_61056_14_106151752_106151752~block_61054_14_106095333_106095333~block_61053_14_106094359_106094359~block_61052_14_106091459_106091459~block_61051_14_106072065_106072065~block_61048_14_106052434_106052434~block_61044_14_106010519_106010519~block_61043_14_106002873_106002873~block_61041_14_105990727_105990727	chr14:mr34378, chr14:mr34380~chr14:mr34312~chr14:mr34360~chr14:mr34291~nan~chr14:mr34275~nan~chr14:mr34292~chr14:mr34358~nan~nan~chr14:mr34270~nan~nan~nan~nan~nan~nan~chr14:mr34335~nan~nan~nan~chr14:mr34302~nan~nan~chr14:mr34292~chr14:mr34282~nan~nan~chr14:mr34254	14~8~7~6~4~3~3~2~2~2~2~2~2~1~1~1~1~1~1~1~1~1~1~1~1~1~1~1~1~1	1.0~1.0~1.0~1.0~1.0~1.0~1.0~1.0~1.0~1.0~1.0~1.0~1.0~1.0~1.0~1.0~1.0~1.0~1.0~1.0~1.0~1.0~1.0~1.0~1.0~1.0~1.0~1.0~1.0~1.0	enhancer~enhancer~enhancer~enhancer~enhancer~enhancer~enhancer~enhancer~enhancer~enhancer~enhancer~enhancer~enhancer~enhancer~enhancer~enhancer~enhancer~enhancer~enhancer~enhancer~enhancer~enhancer~enhancer~enhancer~enhancer~enhancer~enhancer~nan~enhancer~nan	patient_0,patient_1,patient_2,patient_3,patient_4,patient_5,patient_6,patient_7,patient_8,patient_9,patient_10,patient_11,patient_12,patient_13~patient_0,patient_1,patient_2,patient_5,patient_8,patient_10,patient_11,patient_12~patient_0,patient_1,patient_2,patient_5,patient_6,patient_8,patient_12~patient_0,patient_3,patient_6,patient_7,patient_8,patient_10~patient_2,patient_3,patient_4,patient_8~patient_5,patient_10,patient_13~patient_0,patient_8,patient_11~patient_3,patient_10~patient_0,patient_8~patient_2,patient_4~patient_3,patient_8~patient_3,patient_5~patient_9,patient_10~patient_10~patient_2~patient_0~patient_5~patient_3~patient_5~patient_0~patient_3~patient_13~patient_3~patient_5~patient_12~patient_3~patient_5~patient_3~patient_3~patient_3	2.8666666666666667	14	0.0014038921813694	1.0	0.8111111111111111	0.6801172776699713
4	MMP14	1.9132843360551173	2.617982957425132	0.2245279075611806	2.130181792020672	4.342923104481638e-06	4.342923104481638e-06	0.8407035733116146	4.342923104481638e-06	5dist~5dist~5dist~5dist~5dist~5dist~5dist~5dist~5dist~5dist~5dist~5dist	block_59155_14_23179851_23179851~block_59141_14_22307338_22307338~block_59154_14_23133648_23133648~block_59153_14_23006975_23006975~block_59152_14_22975968_22975968~block_59151_14_22972042_22972042~block_59150_14_22952707_22952707~block_59146_14_22676851_22676851~block_59145_14_22522988_22522988~block_59144_14_22513396_22513396~block_59143_14_22448741_22448741~block_59142_14_22334218_22334218	nan~nan~nan~chr14:mr1570~nan~nan~nan~nan~nan~nan~nan~nan	1~1~1~1~1~1~1~1~1~1~1~1	1.0~1.0~1.0~1.0~1.0~1.0~1.0~1.0~1.0~1.0~1.0~1.0	enhancer~enhancer~enhancer~enhancer~enhancer~enhancer~enhancer~enhancer~enhancer~enhancer~enhancer~enhancer	patient_9~patient_13~patient_2~patient_9~patient_4~patient_0~patient_1~patient_5~patient_6~patient_3~patient_5~patient_12	3.0	10	2.2652075285379721e-07	1.0	0.6794871794871795	0.6745191293164149
5	ASB13	0.1990699497533214	1.0291419430034978	0.1676124512374008	1.3654219771461118	1.730253626869233	4.342923104481638e-06	1.321390583441074	4.342923104481638e-06	TSS~gene~gene~gene	block_48709_10_5708272_5708272~block_48708_10_5707286_5707324~block_48707_10_5698977_5698977~block_48706_10_5693878_5693878	nan~nan~chr10:mr2919~nan	1~1~1~1	1.0~1.0~1.0~1.0	enhancer~enhancer~enhancer~enhancer	patient_3~patient_3~patient_3~patient_9	4.0	2	3.008531721136138e-11	1.0	0.7926630120738021	0.6655622752676702
6	BACH2	3.09151498112135	3.09151498112135	0.1206116296030132	0.7221387617748833	4.342923104481638e-06	4.342923104481638e-06	1.598427154323554	4.342923104481638e-06	TSS~gene~gene~5dist~5dist~5dist~5dist~gene~5dist~5dist~5dist~TSS~gene~gene~gene~gene~gene~gene~gene~gene~gene	block_34313_6_91005497_91005874~block_34313_6_91005497_91005874~block_34302_6_90696500_90696500~block_34319_6_91140220_91140220~block_34321_6_91206173_91206173~block_34320_6_91193310_91193310~block_34318_6_91121436_91121436~block_34303_6_90772515_90772515~block_34317_6_91095599_91095599~block_34316_6_91051816_91051816~block_34315_6_91032005_91032005~block_34314_6_91008409_91008409~block_34312_6_91004667_91004721~block_34311_6_91003470_91003470~block_34310_6_91000864_91000864~block_34309_6_90962439_90962439~block_34308_6_90956607_90956607~block_34307_6_90920989_90920989~block_34306_6_90841358_90841358~block_34305_6_90834538_90834538~block_34304_6_90829328_90829330	chr6:mr32608~chr6:mr32608~nan~nan~nan~nan~nan~nan~nan~nan~nan~nan~chr6:mr32608~nan~chr6:mr32606~nan~nan~nan~nan~nan~nan	2~2~1~1~1~1~1~1~1~1~1~1~1~1~1~1~1~1~1~1~1	1.0~1.0~1.0~1.0~1.0~1.0~1.0~1.0~1.0~1.0~1.0~1.0~1.0~1.0~1.0~1.0~1.0~1.0~1.0~1.0~1.0	enhancer~enhancer~enhancer~enhancer~enhancer~enhancer~enhancer~enhancer~enhancer~enhancer~enhancer~nan~enhancer~enhancer~enhancer~enhancer~enhancer~enhancer~enhancer~enhancer~enhancer	patient_6,patient_8~patient_6,patient_8~patient_0~patient_10~patient_5~patient_6~patient_7~patient_9~patient_3~patient_8~patient_9~patient_6~patient_3~patient_8~patient_3~patient_13~patient_3~patient_9~patient_9~patient_4~patient_5	3.6666666666666665	10	0.0030500647088192	1.0	0.7905982905982906	0.6645102974936687
7	POU2AF1	0.4767609398096938	4.342923104481638e-06	0.2488672255444013	1.509900994936695	4.342923104481638e-06	4.342923104481638e-06	4.342923104481638e-06	4.342923104481638e-06	TSS~5dist~gene	block_48151_11_111249438_111249566~block_48152_11_111257858_111257858~block_48150_11_111225973_111225973	nan~nan~chr11:mr38116	2~1~1	1.0~1.0~1.0	enhancer~enhancer~enhancer	patient_3,patient_11~patient_0~patient_8	3.6666666666666665	4	1.5605029867087626e-11	0.9305763397294196	0.7461609030962345	0.6634168441727799
8	BCL6	1.90274269030658	5.0	0.0068681027000827	1.6362000545208906	3.292429823902064	4.342923104481638e-06	4.342923104481638e-06	4.342923104481638e-06	TSS~gene~5dist~5dist~5dist~5dist~5dist~5dist~5dist~5dist~5dist~5dist~5dist~5dist~5dist~5dist~TSS~5dist~gene~5dist~5dist~5dist~5dist~5dist~5dist	block_11749_3_187461782_187463283~block_11749_3_187461782_187463283~block_11760_3_187660881_187661267~block_11758_3_187658409_187658528~block_11759_3_187660046_187660128~block_11765_3_187805310_187805378~block_11763_3_187744007_187744007~block_11762_3_187701782_187701902~block_11761_3_187671780_187671780~block_11757_3_187657553_187657553~block_11756_3_187653642_187653642~block_11755_3_187636755_187636755~block_11754_3_187619420_187619420~block_11753_3_187542825_187542825~block_11752_3_187533383_187533409~block_11751_3_187485897_187485897~block_11750_3_187463817_187463940~block_11750_3_187463817_187463940~block_11748_3_187460839_187460839~block_11766_3_187806598_187806598~block_11764_3_187746298_187746298~block_11767_3_187816071_187816071~block_11768_3_187820353_187820353~block_11770_3_187847647_187847647~block_11769_3_187841499_187841499	nan~nan~chr3:mr60482~nan~nan~nan~nan~nan~nan~nan~nan~nan~nan~nan~nan~nan~nan~nan~nan~nan~nan~nan~nan~nan~nan	11~11~3~2~2~2~1~1~1~1~1~1~1~1~1~1~1~1~1~1~1~1~1~1~1	1.0~1.0~1.0~1.0~1.0~1.0~1.0~1.0~1.0~1.0~1.0~1.0~1.0~1.0~1.0~1.0~1.0~1.0~1.0~1.0~1.0~1.0~1.0~1.0~1.0	enhancer~enhancer~enhancer~enhancer~enhancer~enhancer~enhancer~enhancer~enhancer~enhancer~enhancer~enhancer~enhancer~enhancer~enhancer~enhancer~nan~nan~enhancer~enhancer~enhancer~enhancer~enhancer~enhancer~enhancer	patient_0,patient_2,patient_3,patient_5,patient_6,patient_7,patient_8,patient_10,patient_11,patient_12,patient_13~patient_0,patient_2,patient_3,patient_5,patient_6,patient_7,patient_8,patient_10,patient_11,patient_12,patient_13~patient_3,patient_4,patient_6~patient_0,patient_3~patient_3,patient_5~patient_3,patient_13~patient_5~patient_3~patient_13~patient_11~patient_3~patient_3~patient_3~patient_11~patient_0~patient_5~patient_5~patient_5~patient_5~patient_3~patient_0~patient_3~patient_4~patient_4~patient_10	3.08	12	0.0008121848629891	1.0	0.7697435897435898	0.6632074356963321
9	MRPL21	1.515557792357593	1.316862868516993	0.1236608972949664	4.342923104481638e-06	4.342923104481638e-06	4.342923104481638e-06	1.844360366240224	4.342923104481638e-06	5dist~5dist~5dist~5dist~5dist~5dist~5dist~5dist~5dist~5dist~5dist~5dist~5dist~5dist~gene	block_47110_11_69078723_69078723~block_47114_11_69420680_69420680~block_47113_11_69396925_69396925~block_47112_11_69368711_69368711~block_47111_11_69174098_69174098~block_47109_11_69076767_69076767~block_47108_11_69058284_69058284~block_47107_11_69020647_69020647~block_47106_11_69001437_69001437~block_47105_11_68976860_68976860~block_47104_11_68906374_68906374~block_47103_11_68875863_68875863~block_47102_11_68804173_68804173~block_47101_11_68733405_68733405~block_47100_11_68667622_68667622	chr11:mr24556~nan~nan~chr11:mr24665~nan~nan~nan~nan~nan~chr11:mr24507~nan~nan~chr11:mr24425~chr11:mr24392~nan	1~1~1~1~1~1~1~1~1~1~1~1~1~1~1	1.0~1.0~1.0~1.0~1.0~1.0~1.0~1.0~1.0~1.0~1.0~1.0~1.0~1.0~1.0	enhancer~enhancer~enhancer~enhancer~enhancer~enhancer~nan~enhancer~enhancer~enhancer~enhancer~enhancer~enhancer~enhancer~nan	patient_3~patient_3~patient_3~patient_10~patient_5~patient_3~patient_11~patient_4~patient_4~patient_2~patient_11~patient_3~patient_8~patient_5~patient_6	2.933333333333333	8	3.447511824601219e-09	1.0	0.5914529914529914	0.6593623342268212
10	CTSL	2.4190750243243806	1.3070649974688622	0.1253384714378802	4.342923104481638e-06	4.342923104481638e-06	4.342923104481638e-06	0.7594257929816155	4.342923104481638e-06	5dist~5dist~5dist~5dist~5dist~5dist~5dist~5dist~5dist~5dist~5dist~5dist~gene~5dist~5dist	block_37779_9_89916694_89916694~block_37778_9_89790539_89790539~block_37777_9_89742978_89742978~block_37776_9_89742286_89742286~block_37774_9_89697059_89697059~block_37773_9_89681142_89681142~block_37768_9_89481406_89481406~block_37767_9_89407924_89407924~block_37780_9_89933352_89933352~block_37781_9_89960321_89960321~block_37782_9_89982080_89982080~block_37783_9_89984468_89984468~block_37789_9_90343052_90343052~block_37785_9_89990280_89990280~block_37784_9_89985637_89985637	nan~nan~nan~nan~nan~chr9:mr24067~nan~nan~nan~nan~nan~nan~nan~nan~chr9:mr24215	1~1~1~1~1~1~1~1~1~1~1~1~1~1~1	1.0~1.0~1.0~1.0~1.0~1.0~1.0~1.0~1.0~1.0~1.0~1.0~1.0~1.0~1.0	enhancer~enhancer~enhancer~enhancer~nan~enhancer~enhancer~enhancer~enhancer~enhancer~enhancer~enhancer~nan~enhancer~enhancer	patient_8~patient_2~patient_10~patient_5~patient_5~patient_4~patient_11~patient_11~patient_5~patient_13~patient_12~patient_11~patient_3~patient_5~patient_13	2.933333333333333	9	2.3143551869618914e-07	1.0	0.6299145299145299	0.6495847874682358
11	PRKDC	0.131761249259497	0.4165631663780621	1.0240629575168894	1.7325935812470958	4.342923104481638e-06	4.342923104481638e-06	1.5636782998602667	4.342923104481638e-06	5dist~5dist~5dist~5dist~5dist~5dist~5dist~5dist~5dist~5dist~5dist~5dist~5dist~5dist~TSS~TSS~gene~gene~gene~gene	block_39986_8_49751771_49751771~block_39983_8_49430614_49430614~block_39982_8_49418825_49418825~block_39981_8_49405394_49405394~block_39980_8_49389811_49389811~block_39979_8_49353966_49353966~block_39978_8_49342967_49342967~block_39977_8_49282980_49282980~block_39976_8_49277612_49277612~block_39975_8_49164488_49164488~block_39974_8_49105163_49105163~block_39973_8_49060915_49060915~block_39972_8_49034993_49034993~block_39970_8_48891892_48891897~block_39969_8_48875742_48875742~block_39968_8_48873143_48873143~block_39967_8_48853415_48853415~block_39966_8_48739870_48739870~block_39965_8_48721507_48721507~block_39964_8_48699937_48699937	nan~nan~nan~nan~nan~nan~nan~nan~nan~nan~nan~chr8:mr20842~nan~nan~nan~nan~nan~nan~nan~nan	1~1~1~1~1~1~1~1~1~1~1~1~1~1~1~1~1~1~1~1	1.0~1.0~1.0~1.0~1.0~1.0~1.0~1.0~1.0~1.0~1.0~1.0~1.0~1.0~1.0~1.0~1.0~1.0~1.0~1.0	enhancer~enhancer~enhancer~enhancer~enhancer~enhancer~enhancer~enhancer~enhancer~nan~enhancer~enhancer~enhancer~enhancer~nan~nan~enhancer~enhancer~enhancer~enhancer	patient_3~patient_0~patient_2~patient_1~patient_2~patient_3~patient_10~patient_5~patient_9~patient_0~patient_2~patient_7~patient_10~patient_3~patient_13~patient_3~patient_6~patient_2~patient_11~patient_13	3.2	11	0.0021482827629546	0.999999999191964	0.7512820512820513	0.6472691232294021
12	LPP	5.0	5.0	2.91721462968355	0.4587828190021952	1.792904459580782	1.037110012608209	4.342923104481638e-06	4.342923104481638e-06	5dist~5dist~5dist~5dist~gene~5dist~5dist~5dist~5dist~5dist~5dist~5dist~5dist~5dist~5dist~5dist~5dist~5dist~5dist~gene~gene~gene~gene~gene~gene~gene~5dist~gene~gene~gene~gene~gene~gene~gene~gene~gene~gene~gene~5dist~5dist	block_11760_3_187660881_187661267~block_11758_3_187658409_187658528~block_11759_3_187660046_187660128~block_11765_3_187805310_187805378~block_11774_3_187957504_187957814~block_11763_3_187744007_187744007~block_11762_3_187701782_187701902~block_11761_3_187671780_187671780~block_11757_3_187657553_187657553~block_11756_3_187653642_187653642~block_11755_3_187636755_187636755~block_11754_3_187619420_187619420~block_11753_3_187542825_187542825~block_11752_3_187533383_187533409~block_11751_3_187485897_187485897~block_11750_3_187463817_187463940~block_11766_3_187806598_187806598~block_11764_3_187746298_187746298~block_11767_3_187816071_187816071~block_11784_3_188299500_188299500~block_11789_3_188585672_188585672~block_11788_3_188471627_188472033~block_11787_3_188445639_188445639~block_11786_3_188430151_188430151~block_11785_3_188312684_188312684~block_11783_3_188250277_188250277~block_11768_3_187820353_187820353~block_11782_3_188089341_188089341~block_11781_3_188082634_188082634~block_11780_3_188080782_188081158~block_11779_3_188071395_188071414~block_11778_3_187978981_187978981~block_11777_3_187969548_187969548~block_11776_3_187962068_187962068~block_11775_3_187958459_187958974~block_11773_3_187932062_187932062~block_11772_3_187913135_187913135~block_11771_3_187886336_187886336~block_11770_3_187847647_187847647~block_11769_3_187841499_187841499	chr3:mr60482~nan~nan~nan~nan~nan~nan~nan~nan~nan~nan~nan~nan~nan~nan~nan~nan~nan~nan~nan~nan~chr3:mr60868~nan~nan~nan~nan~nan~nan~nan~nan~nan~nan~nan~nan~chr3:mr60647~chr3:mr60636~nan~nan~nan~nan	3~2~2~2~2~1~1~1~1~1~1~1~1~1~1~1~1~1~1~1~1~1~1~1~1~1~1~1~1~1~1~1~1~1~1~1~1~1~1~1	1.0~1.0~1.0~1.0~1.0~1.0~1.0~1.0~1.0~1.0~1.0~1.0~1.0~1.0~1.0~1.0~1.0~1.0~1.0~1.0~1.0~1.0~1.0~1.0~1.0~1.0~1.0~1.0~1.0~1.0~1.0~1.0~1.0~1.0~1.0~1.0~1.0~1.0~1.0~1.0	enhancer~enhancer~enhancer~enhancer~enhancer~enhancer~enhancer~enhancer~enhancer~enhancer~enhancer~enhancer~enhancer~enhancer~enhancer~nan~enhancer~enhancer~enhancer~enhancer~enhancer~enhancer~enhancer~enhancer~enhancer~enhancer~enhancer~enhancer~enhancer~enhancer~enhancer~enhancer~enhancer~enhancer~enhancer~enhancer~enhancer~enhancer~enhancer~enhancer	patient_3,patient_4,patient_6~patient_0,patient_3~patient_3,patient_5~patient_3,patient_13~patient_3,patient_13~patient_5~patient_3~patient_13~patient_11~patient_3~patient_3~patient_3~patient_11~patient_0~patient_5~patient_5~patient_3~patient_0~patient_3~patient_11~patient_6~patient_3~patient_3~patient_4~patient_2~patient_5~patient_4~patient_5~patient_5~patient_5~patient_5~patient_12~patient_5~patient_3~patient_3~patient_3~patient_3~patient_3~patient_4~patient_10	3.425	10	0.0039251957295234	1.0	0.7503205128205128	0.6426319129966853
13	RHOH	1.730253626869233	5.0	2.154281982033341	5.0	1.261933285222531	4.342923104481638e-06	3.508638306165728	4.342923104481638e-06	TSS~gene~TSS~gene~TSS~gene~TES~gene~gene~gene~TSS~gene~TSS~5dist~5dist~5dist	block_23321_4_40198984_40199563~block_23321_4_40198984_40199563~block_23320_4_40196547_40197706~block_23320_4_40196547_40197706~block_23319_4_40195502_40195925~block_23319_4_40195502_40195925~block_23325_4_40249939_40249939~block_23324_4_40202420_40202420~block_23323_4_40200984_40200984~block_23322_4_40200350_40200350~block_23318_4_40194641_40194641~block_23318_4_40194641_40194641~block_23317_4_40188131_40188168~block_23317_4_40188131_40188168~block_23316_4_40183461_40183461~block_23315_4_40166417_40166417	chr4:mr13837~chr4:mr13837~chr4:mr13837~chr4:mr13837~chr4:mr13835~chr4:mr13835~nan~nan~nan~nan~nan~nan~chr4:mr13829~chr4:mr13829~chr4:mr13825~nan	5~5~3~3~2~2~1~1~1~1~1~1~1~1~1~1	1.0~1.0~1.0~1.0~1.0~1.0~1.0~1.0~1.0~1.0~1.0~1.0~1.0~1.0~1.0~1.0	enhancer~enhancer~nan~nan~nan~nan~enhancer~enhancer~enhancer~enhancer~nan~nan~nan~nan~enhancer~enhancer	patient_2,patient_3,patient_9,patient_11,patient_13~patient_2,patient_3,patient_9,patient_11,patient_13~patient_3,patient_6,patient_11~patient_3,patient_6,patient_11~patient_3,patient_8~patient_3,patient_8~patient_10~patient_10~patient_2~patient_3~patient_9~patient_9~patient_3~patient_3~patient_5~patient_6	3.625	9	0.0173338507555038	1.0	0.7451923076923077	0.629825819037607
14	RFTN1	1.6178027896225464	2.8210230527068307	1.7642191296724397	0.99735885099996	4.342923104481638e-06	4.342923104481638e-06	4.342923104481638e-06	4.342923104481638e-06	TSS~5dist~5dist~gene~gene~gene~gene~gene~gene~gene	block_7205_3_16554440_16554526~block_7207_3_16575270_16575270~block_7206_3_16572256_16572256~block_7204_3_16544147_16544147~block_7203_3_16523784_16523784~block_7202_3_16520585_16520585~block_7201_3_16480862_16480862~block_7200_3_16474070_16474070~block_7199_3_16436313_16436313~block_7198_3_16384717_16384717	nan~nan~chr3:mr6977~chr3:mr6961~nan~nan~nan~chr3:mr6921~nan~nan	2~1~1~1~1~1~1~1~1~1	2.0~2.0~2.0~2.0~1.0~1.0~1.0~1.0~1.0~1.0	enhancer~nan~nan~enhancer~enhancer~enhancer~enhancer~enhancer~enhancer~enhancer	patient_1,patient_2~patient_8~patient_5~patient_3~patient_13~patient_3~patient_3~patient_11~patient_7~patient_6	3.4	9	0.0011804524566086	0.99999999999999	0.7076923076923076	0.6296032722508225
15	MIA3	0.0040096188374089	4.342923104481638e-06	0.5973775722514725	1.4166878480169225	4.342923104481638e-06	1.291494119044763	4.342923104481638e-06	4.342923104481638e-06	TSS~gene~gene~gene~5dist	block_6274_1_222816887_222816887~block_6274_1_222816887_222816887~block_6273_1_222809085_222809085~block_6272_1_222807626_222807626~block_6271_1_222777700_222777700	nan~nan~nan~chr1:mr80897~nan	1~1~1~1~1	2.0~2.0~2.0~2.0~2.0	nan~nan~enhancer~enhancer~enhancer	patient_1~patient_1~patient_1~patient_6~patient_9	3.8	3	1.7446320231971423e-08	0.9999999999482996	0.6715755113572943	0.6242492941272606
16	SPRED2	0.5173979353009363	3.677780705266081	1.938924676370208	1.1414026550053076	1.4533339749298158	4.342923104481638e-06	2.4190750243243806	4.342923104481638e-06	TSS~gene~gene~gene~gene~gene~5dist~5dist	block_13343_2_65593150_65593668~block_13343_2_65593150_65593668~block_13342_2_65590385_65590385~block_13345_2_65639438_65639438~block_13344_2_65620802_65620802~block_13346_2_65658002_65658002~block_13347_2_65742242_65742242~block_13348_2_65768817_65768817	chr2:mr27730~chr2:mr27730~nan~chr2:mr27759~nan~nan~nan~nan	1~1~1~1~1~1~1~1	1.0~1.0~1.0~1.0~1.0~1.0~1.0~1.0	enhancer~enhancer~enhancer~enhancer~enhancer~enhancer~enhancer~enhancer	patient_3~patient_3~patient_5~patient_12~patient_3~patient_5~patient_13~patient_6	3.75	5	6.0863045354392125e-06	0.999999985387474	0.6121794871794872	0.6181713936209118
17	STEAP1B	0.3175751150529493	1.366430557445908	1.2268720759666651	4.342923104481638e-06	4.342923104481638e-06	4.342923104481638e-06	4.342923104481638e-06	4.342923104481638e-06	gene~gene	block_29057_7_22523168_22523168~block_29056_7_22470775_22470775	chr7:mr7230~chr7:mr7200	1~1	2.0~1.0	enhancer~enhancer	patient_10~patient_8	4.0	2	4.8494928551440586e-08	1.0	0.6908092187274469	0.6146353785944926
18	GAS1	2.55129368009492	1.3315208970674144	0.0365852596448412	4.342923104481638e-06	4.342923104481638e-06	4.342923104481638e-06	0.7456694871346526	4.342923104481638e-06	5dist~5dist~5dist~5dist~5dist~5dist~5dist~5dist~5dist~5dist~5dist~5dist~5dist~5dist~5dist	block_37779_9_89916694_89916694~block_37778_9_89790539_89790539~block_37777_9_89742978_89742978~block_37776_9_89742286_89742286~block_37774_9_89697059_89697059~block_37773_9_89681142_89681142~block_37780_9_89933352_89933352~block_37781_9_89960321_89960321~block_37782_9_89982080_89982080~block_37783_9_89984468_89984468~block_37792_9_90387043_90387043~block_37791_9_90361754_90361754~block_37790_9_90351536_90351536~block_37785_9_89990280_89990280~block_37784_9_89985637_89985637	nan~nan~nan~nan~nan~chr9:mr24067~nan~nan~nan~nan~nan~nan~nan~nan~chr9:mr24215	1~1~1~1~1~1~1~1~1~1~1~1~1~1~1	1.0~1.0~1.0~1.0~1.0~1.0~1.0~1.0~1.0~1.0~1.0~1.0~1.0~1.0~1.0	enhancer~enhancer~enhancer~enhancer~nan~enhancer~enhancer~enhancer~enhancer~enhancer~nan~enhancer~enhancer~enhancer~enhancer	patient_8~patient_2~patient_10~patient_5~patient_5~patient_4~patient_5~patient_13~patient_12~patient_11~patient_13~patient_5~patient_0~patient_5~patient_13	2.7333333333333334	9	3.431910501608919e-06	1.0	0.5965811965811967	0.6143230360384704
19	MVP	0.149041479115297	4.342923104481638e-06	3.958607314841775	2.454692883534176	4.342923104481638e-06	4.342923104481638e-06	4.342923104481638e-06	4.342923104481638e-06	5dist~gene~gene~TSS~5dist~5dist~5dist~5dist~5dist	block_62728_16_29148529_29148529~block_62736_16_29851435_29851435~block_62735_16_29849191_29849191~block_62734_16_29832398_29832398~block_62732_16_29748007_29748007~block_62729_16_29249880_29249880~block_62727_16_29140160_29140160~block_62726_16_29014639_29014639~block_62725_16_28937069_28937069	chr16:mr16050~nan~nan~chr16:mr16414~chr16:mr16361~nan~nan~nan~nan	1~1~1~1~1~1~1~1~1	1.0~1.0~1.0~1.0~1.0~1.0~1.0~1.0~1.0	enhancer~enhancer~enhancer~nan~enhancer~enhancer~enhancer~nan~nan	patient_6~patient_12~patient_11~patient_0~patient_11~patient_9~patient_10~patient_3~patient_3	2.888888888888889	7	1.3903491947636304e-07	0.9999999966896248	0.5455840455840456	0.6109334930809766
20	DPYSL3	0.9726096153150308	2.050122295963125	2.3861581781239307	4.342923104481638e-06	1.5315049754929306	4.342923104481638e-06	4.342923104481638e-06	4.342923104481638e-06	gene~gene~5dist~gene~gene~gene	block_21174_5_146866746_146866746~block_21175_5_146888180_146888180~block_21176_5_146898706_146898706~block_21173_5_146854826_146854826~block_21171_5_146803584_146803584~block_21172_5_146819717_146819717	nan~nan~nan~nan~chr5:mr45920~nan	1~1~1~1~1~1	1.0~1.0~1.0~1.0~1.0~1.0	enhancer~enhancer~enhancer~enhancer~nan~enhancer	patient_9~patient_9~patient_3~patient_9~patient_11~patient_5	3.8333333333333335	4	3.4831470209477965e-06	0.9999999961607364	0.6040827178802239	0.6097336656726037
21	BCAS4	0.4762405305542852	2.9956786262173574	0.2429761661316505	1.492009275180309	4.342923104481638e-06	4.342923104481638e-06	4.342923104481638e-06	4.342923104481638e-06	gene~gene~gene	block_827_20_49434261_49434338~block_826_20_49431936_49431936~block_825_20_49416243_49416243	chr20:mr22917~chr20:mr22917~chr20:mr22905	1~1~1	1.0~1.0~1.0	enhancer~enhancer~enhancer	patient_1~patient_3~patient_5	4.0	3	2.1331650910668168e-06	1.0	0.6386229475604562	0.6077730122417666
22	DOCK2	1.6018863082694974	1.6987529113637887	5.0	0.9685511381406166	4.342923104481638e-06	4.342923104481638e-06	4.342923104481638e-06	4.342923104481638e-06	gene~gene~gene~gene~gene~gene~gene~gene~gene~gene	block_21836_5_169200864_169200864~block_21835_5_169131901_169131901~block_21834_5_169123330_169123330~block_21833_5_169077645_169077645~block_21837_5_169214065_169214065~block_21838_5_169291523_169291523~block_21842_5_169485004_169485004~block_21841_5_169475641_169475641~block_21840_5_169386692_169386692~block_21839_5_169379572_169379572	nan~nan~nan~chr5:mr54329~nan~nan~nan~nan~nan~nan	1~1~1~1~1~1~1~1~1~1	1.0~1.0~1.0~1.0~1.0~1.0~1.0~1.0~1.0~1.0	enhancer~enhancer~enhancer~enhancer~enhancer~enhancer~nan~nan~enhancer~enhancer	patient_3~patient_11~patient_1~patient_3~patient_3~patient_0~patient_4~patient_3~patient_4~patient_3	4.0	5	0.0008293870174054	0.9999999999996708	0.6538461538459892	0.6051141887068919
23	GATA3	1.1360232160956132	1.9621752494116584	0.6223113592666296	4.342923104481638e-06	4.342923104481638e-06	1.0654510523338532	1.049586460630619	4.342923104481638e-06	TES~gene~5dist~5dist~5dist~5dist~5dist	block_48749_10_8121682_8121682~block_48748_10_8106112_8106112~block_48732_10_7143536_7143536~block_48741_10_7722552_7722749~block_48740_10_7714864_7714864~block_48738_10_7545398_7545398~block_48737_10_7517281_7517281	chr10:mr4349~nan~nan~nan~chr10:mr4118~nan~nan	1~1~1~1~1~1~1	1.0~1.0~1.0~1.0~1.0~1.0~1.0	enhancer~enhancer~enhancer~nan~enhancer~enhancer~enhancer	patient_13~patient_13~patient_8~patient_3~patient_3~patient_6~patient_0	2.857142857142857	5	3.379209399639824e-09	0.9999999999997332	0.5370714710468643	0.5954588124464424
24	ATP2B4	1.281415279972564	1.8178707859470016	0.2061328176094058	2.7423214251308154	4.342923104481638e-06	4.342923104481638e-06	4.342923104481638e-06	4.342923104481638e-06	5dist~gene~gene~5dist~5dist~5dist~5dist~5dist	block_5889_1_203264856_203264856~block_5897_1_203700792_203700792~block_5896_1_203661771_203661771~block_5895_1_203553613_203553613~block_5894_1_203483259_203483259~block_5892_1_203442794_203442794~block_5887_1_203082827_203082827~block_5886_1_203070425_203070425	chr1:mr72851~chr1:mr73154~nan~nan~chr1:mr72988~nan~nan~chr1:mr72746	1~1~1~1~1~1~1~1	1.0~2.0~1.0~1.0~1.0~1.0~1.0~1.0	enhancer~nan~enhancer~enhancer~enhancer~nan~enhancer~enhancer	patient_3~patient_6~patient_4~patient_4~patient_5~patient_9~patient_4~patient_10	3.0	6	3.1797545830958465e-07	1.0	0.5256410256410257	0.5952574182682696
25	ENC1	0.0437787271720494	3.508638306165728	0.3595086250544538	5.0	2.026410376572743	4.342923104481638e-06	4.342923104481638e-06	4.342923104481638e-06	gene~gene	block_19546_5_73935246_73935246~block_19545_5_73928562_73928562	chr5:mr23483~chr5:mr23480	1~1	1.0~1.0	nan~enhancer	patient_3~patient_9	4.0	2	1.127733543136007e-06	1.0	0.6474137041004774	0.5929376212810079
26	MYO1E	1.638083381331357	2.882728704344236	1.1001248039789893	0.994776575141864	1.3070649974688622	4.342923104481638e-06	4.342923104481638e-06	4.342923104481638e-06	TSS~gene~5dist~5dist~5dist~TSS~gene~gene~gene~gene	block_58329_15_59664518_59664603~block_58324_15_59447654_59447654~block_58333_15_59846845_59846845~block_58332_15_59817796_59817796~block_58331_15_59701039_59701039~block_58330_15_59666052_59666052~block_58328_15_59648230_59648230~block_58327_15_59603684_59603684~block_58326_15_59564665_59564682~block_58325_15_59544393_59544393	chr15:mr16995~nan~chr15:mr17114~nan~nan~nan~chr15:mr16987~nan~nan~nan	2~1~1~1~1~1~1~1~1~1	1.0~1.0~1.0~1.0~1.0~1.0~1.0~1.0~1.0~1.0	enhancer~enhancer~enhancer~enhancer~enhancer~nan~enhancer~enhancer~enhancer~enhancer	patient_1,patient_3~patient_9~patient_12~patient_4~patient_5~patient_3~patient_5~patient_5~patient_3~patient_5	3.7	6	0.0025798398297015	1.0	0.6423076923076924	0.5915196043452977
27	WDR66	0.1603899873789846	1.6160052105582672	4.342923104481638e-06	4.342923104481638e-06	4.342923104481638e-06	4.342923104481638e-06	4.342923104481638e-06	4.342923104481638e-06	gene	block_57375_12_122430021_122430021	chr12:mr46117	1	1.0	enhancer	patient_1	4.0	1	9.431215499546333e-08	1.0	0.6816356897664362	0.5908178448832181
28	LMO2	0.7447033680956598	1.6838199011065471	0.1603271608762707	1.0131834954144636	4.342923104481638e-06	4.342923104481638e-06	4.342923104481638e-06	4.342923104481638e-06	5dist~5dist~5dist~5dist~5dist~gene~gene~TSS~gene~TSS~gene	block_46321_11_34126994_34126994~block_46319_11_34061816_34061816~block_46318_11_33967383_33967383~block_46317_11_33963636_33963636~block_46316_11_33938243_33938243~block_46315_11_33903498_33903498~block_46314_11_33901417_33901417~block_46313_11_33893931_33893931~block_46313_11_33893931_33893931~block_46312_11_33893300_33893300~block_46312_11_33893300_33893300	nan~nan~nan~nan~chr11:mr11804~nan~nan~nan~nan~nan~nan	1~1~1~1~1~1~1~1~1~1~1	1.0~1.0~1.0~1.0~1.0~1.0~1.0~1.0~1.0~1.0~1.0	nan~enhancer~enhancer~enhancer~enhancer~enhancer~enhancer~nan~nan~nan~nan	patient_5~patient_5~patient_11~patient_13~patient_5~patient_5~patient_5~patient_4~patient_4~patient_0~patient_0	3.363636363636364	5	3.6654525254214463e-06	0.9999999999999888	0.5477855477855478	0.5894712270366286
29	FNBP1	1.12546020292899	5.0	3.0409586076789066	2.6556077263148894	4.342923104481638e-06	4.342923104481638e-06	2.4672456210075024	4.342923104481638e-06	gene~gene~gene~gene~gene~gene~gene	block_38606_9_132752110_132752110~block_38605_9_132726738_132726738~block_38604_9_132682309_132682309~block_38608_9_132773637_132773637~block_38607_9_132754557_132754557~block_38609_9_132798347_132798347~block_38610_9_132802961_132802974	chr9:mr43754~nan~nan~nan~chr9:mr43755~nan~nan	1~1~1~1~1~1~1	1.0~1.0~1.0~1.0~1.0~1.0~1.0	enhancer~enhancer~enhancer~enhancer~enhancer~enhancer~enhancer	patient_3~patient_2~patient_5~patient_6~patient_10~patient_5~patient_3	4.0	5	0.0121069683479848	1.0	0.6538461538461539	0.5866275167896859
30	MMRN2	0.3254052102655607	1.3223018185254891	0.3615007593789238	1.709742730605482	4.342923104481638e-06	4.342923104481638e-06	4.342923104481638e-06	4.342923104481638e-06	gene~gene	block_50502_10_88715105_88715105~block_50501_10_88696309_88696309	chr10:mr36440~nan	1~1	2.0~2.0	nan~nan	patient_2~patient_7	4.0	2	4.152091436488542e-06	0.9999998959386752	0.6294375818646656	0.5839495601631021
31	RASGRP3	0.6307655833931746	2.9956786262173574	0.2045301502764323	2.4672456210075024	1.4607984007058723	4.342923104481638e-06	4.342923104481638e-06	4.342923104481638e-06	TES~gene~gene~gene~TSS~gene~TSS~gene~TSS~gene~gene	block_12667_2_33791334_33791336~block_12666_2_33785631_33785631~block_12665_2_33754696_33754696~block_12664_2_33733578_33733578~block_12663_2_33702673_33702673~block_12663_2_33702673_33702673~block_12662_2_33701752_33701752~block_12662_2_33701752_33701752~block_12661_2_33682371_33682371~block_12661_2_33682371_33682371~block_12660_2_33667777_33667777	nan~chr2:mr15648~nan~nan~chr2:mr15603~chr2:mr15603~nan~nan~nan~nan~nan	1~1~1~1~1~1~1~1~1~1~1	1.0~1.0~1.0~1.0~1.0~1.0~1.0~1.0~1.0~1.0~1.0	nan~enhancer~enhancer~enhancer~enhancer~enhancer~nan~nan~enhancer~enhancer~enhancer	patient_5~patient_13~patient_12~patient_5~patient_3~patient_3~patient_3~patient_3~patient_8~patient_8~patient_13	3.8181818181818175	5	0.0020332758675908	1.0	0.6235431235431236	0.5837790719571864
32	PRKD3	0.5407432504765681	1.6018863082694974	0.564776953788971	4.342923104481638e-06	4.342923104481638e-06	0.8667485875276801	4.342923104481638e-06	4.342923104481638e-06	gene~5dist~5dist~5dist~5dist~5dist~5dist~5dist~5dist~5dist~5dist	block_12771_2_37499870_37499870~block_12781_2_37987981_37987981~block_12780_2_37970122_37970122~block_12779_2_37958806_37958806~block_12778_2_37773434_37773434~block_12777_2_37749417_37749417~block_12776_2_37710159_37710159~block_12775_2_37645596_37645596~block_12774_2_37632325_37632325~block_12773_2_37617027_37617027~block_12772_2_37603714_37603714	nan~chr2:mr16998~nan~nan~nan~chr2:mr16890~nan~nan~nan~nan~nan	1~1~1~1~1~1~1~1~1~1~1	1.0~1.0~1.0~1.0~1.0~1.0~1.0~1.0~1.0~1.0~1.0	nan~enhancer~enhancer~enhancer~enhancer~enhancer~enhancer~enhancer~enhancer~enhancer~enhancer	patient_5~patient_5~patient_13~patient_3~patient_9~patient_5~patient_9~patient_3~patient_12~patient_5~patient_2	3.090909090909091	6	5.186074125493725e-06	1.0	0.5407925407925408	0.5835816983077569
33	SEL1L3	1.4761235243618689	1.7031155244614529	0.4132889502832836	2.3655227298392685	4.342923104481638e-06	0.9370045988135328	4.342923104481638e-06	4.342923104481638e-06	5dist~5dist~5dist~5dist~5dist~TSS~TSS~gene~gene~gene	block_22635_4_26235557_26235557~block_22634_4_25966966_25966966~block_22633_4_25959507_25959507~block_22631_4_25894407_25894407~block_22630_4_25889474_25889474~block_22629_4_25865195_25865750~block_22628_4_25863537_25863643~block_22628_4_25863537_25863643~block_22627_4_25806992_25806992~block_22626_4_25764988_25764988	nan~nan~nan~nan~nan~chr4:mr9933~nan~nan~nan~nan	1~1~1~1~1~1~1~1~1~1	1.0~1.0~1.0~1.0~1.0~1.0~1.0~1.0~1.0~2.0	enhancer~enhancer~enhancer~enhancer~enhancer~nan~enhancer~enhancer~enhancer~nan	patient_13~patient_9~patient_3~patient_12~patient_3~patient_3~patient_3~patient_3~patient_5~patient_5	3.5	5	5.1696647700642057e-05	1.0	0.5705128205128205	0.5825854660226524
34	SEC61G	0.995635628892249	1.554240163511369	0.5686201511580641	4.342923104481638e-06	4.342923104481638e-06	4.342923104481638e-06	0.8985622648611508	4.342923104481638e-06	5dist~5dist~5dist~5dist~5dist~5dist~5dist~5dist~5dist~5dist~TES	block_29791_7_55726316_55726316~block_29790_7_55724131_55724131~block_29789_7_55708552_55708552~block_29788_7_55699400_55699400~block_29787_7_55680344_55680344~block_29786_7_55641428_55641428~block_29783_7_55516310_55516310~block_29780_7_55376137_55376137~block_29776_7_54949004_54949004~block_29775_7_54923686_54923686~block_29774_7_54816301_54816301	nan~nan~nan~nan~nan~chr7:mr21172~chr7:mr21103~chr7:mr21023~nan~nan~nan	1~1~1~1~1~1~1~1~1~1~1	1.0~1.0~1.0~1.0~1.0~1.0~1.0~1.0~1.0~1.0~1.0	enhancer~enhancer~enhancer~enhancer~nan~enhancer~enhancer~enhancer~enhancer~enhancer~enhancer	patient_6~patient_10~patient_10~patient_13~patient_11~patient_13~patient_11~patient_3~patient_5~patient_4~patient_5	2.8181818181818183	7	3.8701854083510336e-06	1.0	0.5337995337995338	0.5821034276631899
35	ABR	1.1486804873512548	1.938924676370208	0.626701720385129	1.1617177500853115	4.342923104481638e-06	4.342923104481638e-06	4.342923104481638e-06	4.342923104481638e-06	5dist~5dist~gene~TSS~gene~TSS~gene~TSS~gene~gene	block_61113_17_1312060_1312060~block_61109_17_1152960_1152960~block_61108_17_1122808_1122808~block_61107_17_1086691_1086691~block_61107_17_1086691_1086691~block_61106_17_1084980_1084980~block_61106_17_1084980_1084980~block_61105_17_1033903_1033903~block_61105_17_1033903_1033903~block_61104_17_931065_931065	nan~nan~chr17:mr508~chr17:mr493~chr17:mr493~chr17:mr493~chr17:mr493~nan~nan~nan	1~1~1~1~1~1~1~1~1~1	1.0~1.0~1.0~1.0~1.0~1.0~1.0~1.0~1.0~1.0	nan~enhancer~enhancer~nan~nan~nan~nan~enhancer~enhancer~enhancer	patient_13~patient_11~patient_9~patient_11~patient_11~patient_3~patient_3~patient_6~patient_6~patient_12	3.6	6	0.0033823205103154	0.999999999951202	0.6256410256410256	0.5813186420577214
36	MYBL1	4.342923104481638e-06	4.342923104481638e-06	4.342923104481638e-06	2.0083309926200514	4.342923104481638e-06	4.342923104481638e-06	4.342923104481638e-06	4.342923104481638e-06	TSS	block_40406_8_67524644_67524644	chr8:mr27193	1	1.0	enhancer	patient_6	4.0	1	4.69442070961301e-07	0.9997425717699424	0.6593722732993335	0.5796861366496667
37	GPN3	0.6491513646336581	2.430626090384954	0.1670378693264744	4.342923104481638e-06	4.342923104481638e-06	4.342923104481638e-06	1.2992097786256531	4.342923104481638e-06	5dist~5dist~5dist~5dist	block_57177_12_111254981_111254981~block_57176_12_111143287_111143287~block_57173_12_111037171_111037171~block_57172_12_111027902_111027902	nan~nan~chr12:mr39377~nan	1~1~1~1	1.0~1.0~1.0~1.0	enhancer~enhancer~enhancer~enhancer	patient_5~patient_3~patient_6~patient_1	3.0	4	1.2173097456576425e-08	0.999997876508491	0.5432057984961838	0.5792946760675224
38	TYROBP	0.1632898756653038	1.6362000545208906	4.342923104481638e-06	4.342923104481638e-06	4.342923104481638e-06	1.83238732727247	4.342923104481638e-06	4.342923104481638e-06	TSS	block_64408_19_36402594_36402594	chr19:mr16507	1	1.0		patient_9	4.0	1	7.729680240811769e-07	0.9999999525408064	0.6526231665607382	0.5763115832803691
39	MOB3A	4.342923104481638e-06	1.598427154323554	4.342923104481638e-06	1.9132843360551173	2.283162276700476	4.342923104481638e-06	1.8857227034384136	4.342923104481638e-06	gene	block_63878_19_2094333_2094443	chr19:mr588	1	1.0		patient_10	4.0	1	8.261311734077474e-07	0.9999610413550036	0.6516863470443335	0.5758431735221667
40	HAPLN3	0.1619636110566585	1.598427154323554	0.6147334310424684	4.342923104481638e-06	4.342923104481638e-06	4.342923104481638e-06	4.342923104481638e-06	4.342923104481638e-06	TSS	block_58791_15_89439958_89439958	chr15:mr32430	1	1.0		patient_10	4.0	1	8.41849549983589e-07	1.0	0.6514458847603579	0.575722942380179
41	DDAH2	4.342923104481638e-06	4.342923104481638e-06	4.342923104481638e-06	1.9661743060466896	4.342923104481638e-06	4.342923104481638e-06	4.342923104481638e-06	4.342923104481638e-06	TSS	block_32971_6_31698323_31698323	chr6:mr15474	1	1.0		patient_4	4.0	1	8.477770147318695e-07	0.9999999999714472	0.651349117960929	0.5756745589804645
42	TUBB2A	1.7142177262206053	1.5344684430264504	0.2757978847811211	4.342923104481638e-06	4.342923104481638e-06	4.342923104481638e-06	4.342923104481638e-06	4.342923104481638e-06	5dist~5dist~5dist~5dist~5dist~5dist~5dist~5dist~5dist~5dist~5dist	block_32458_6_3212879_3212879~block_32457_6_3201264_3201264~block_32462_6_3525212_3525212~block_32463_6_3543221_3543221~block_32464_6_3573585_3573585~block_32470_6_3943780_3943780~block_32469_6_3925958_3925958~block_32468_6_3908861_3908861~block_32467_6_3872124_3872124~block_32466_6_3694981_3694981~block_32465_6_3584210_3584210	nan~nan~nan~chr6:mr1933~nan~nan~nan~chr6:mr2143~nan~nan~nan	1~1~1~1~1~1~1~1~1~1~1	1.0~1.0~1.0~1.0~1.0~1.0~1.0~1.0~1.0~1.0~1.0	enhancer~enhancer~enhancer~enhancer~enhancer~enhancer~enhancer~enhancer~enhancer~enhancer~enhancer	patient_5~patient_3~patient_6~patient_4~patient_0~patient_4~patient_2~patient_13~patient_12~patient_11~patient_6	3.0	9	0.0280261521949488	0.999999998415888	0.641025641025641	0.5744292009369506
43	DUSP6	0.1965360558756793	2.5361070110140926	0.6008283431131638	1.4032929703185535	4.342923104481638e-06	4.342923104481638e-06	1.3259659995687452	4.342923104481638e-06	5dist~5dist~5dist~TES	block_56832_12_89799602_89799602~block_56831_12_89787078_89787078~block_56830_12_89766159_89766159~block_56829_12_89740898_89740898	nan~nan~nan~chr12:mr30324	1~1~1~1	1.0~1.0~1.0~1.0	enhancer~enhancer~enhancer~enhancer	patient_2~patient_1~patient_9~patient_9	3.0	3	1.6719387292658423e-09	1.0	0.5705855997264851	0.5737543383247811
44	IRF2BP2	0.1122645786292208	1.176460566343141	0.240022594814339	1.4787311244016146	4.342923104481638e-06	4.342923104481638e-06	4.342923104481638e-06	4.342923104481638e-06	5dist~5dist~5dist	block_6471_1_235114441_235114441~block_6470_1_235066266_235066266~block_6469_1_234972412_234972412	nan~chr1:mr87284~nan	1~1~1	1.0~1.0~1.0	enhancer~enhancer~enhancer	patient_3~patient_5~patient_2	3.0	3	1.7248650660924704e-09	0.9999998606747534	0.5701557835034263	0.5735393953819399
45	IL21R	0.4863696167476076	4.342923104481638e-06	4.342923104481638e-06	1.48932096896779	4.342923104481638e-06	4.342923104481638e-06	4.342923104481638e-06	4.342923104481638e-06	5dist~gene~5dist	block_62696_16_27129223_27129223~block_62708_16_27415157_27415157~block_62697_16_27208237_27208237	nan~chr16:mr14957~chr16:mr14832	1~1~1	1.0~1.0~1.0	enhancer~enhancer~enhancer	patient_3~patient_3~patient_11	3.333333333333333	2	6.578519410212038e-09	1.0	0.6072489942683903	0.5728552663649644
46	CPT1A	2.274905478918531	1.354479485094126	0.0489491907487633	4.342923104481638e-06	4.342923104481638e-06	4.342923104481638e-06	1.8178707859470016	4.342923104481638e-06	5dist~5dist~5dist~5dist~5dist~5dist~5dist~5dist~5dist~5dist~5dist~5dist~5dist~5dist	block_47110_11_69078723_69078723~block_47114_11_69420680_69420680~block_47113_11_69396925_69396925~block_47112_11_69368711_69368711~block_47111_11_69174098_69174098~block_47109_11_69076767_69076767~block_47108_11_69058284_69058284~block_47107_11_69020647_69020647~block_47106_11_69001437_69001437~block_47105_11_68976860_68976860~block_47104_11_68906374_68906374~block_47103_11_68875863_68875863~block_47102_11_68804173_68804173~block_47101_11_68733405_68733405	chr11:mr24556~nan~nan~chr11:mr24665~nan~nan~nan~nan~nan~chr11:mr24507~nan~nan~chr11:mr24425~chr11:mr24392	1~1~1~1~1~1~1~1~1~1~1~1~1~1	1.0~1.0~1.0~1.0~1.0~1.0~1.0~1.0~1.0~1.0~1.0~1.0~1.0~1.0	enhancer~enhancer~enhancer~enhancer~enhancer~enhancer~nan~enhancer~enhancer~enhancer~enhancer~enhancer~enhancer~enhancer	patient_3~patient_3~patient_3~patient_10~patient_5~patient_3~patient_11~patient_4~patient_4~patient_2~patient_11~patient_3~patient_8~patient_5	2.857142857142857	7	2.800344293132413e-05	1.0	0.5402930402930404	0.5717031686918165
47	SEMA4C	0.2934443617815346	2.308918507877032	0.1243542801517505	1.3106023371787177	4.342923104481638e-06	4.342923104481638e-06	1.1843558508680347	4.342923104481638e-06	5dist~5dist~5dist~TSS~TES	block_14165_2_98357800_98357800~block_14163_2_97700936_97700936~block_14162_2_97687959_97687959~block_14161_2_97539871_97539871~block_14160_2_97523124_97523124	chr2:mr38231~nan~nan~chr2:mr37853~chr2:mr37845	1~1~1~1~1	1.0~1.0~1.0~1.0~1.0	enhancer~enhancer~enhancer~nan~enhancer	patient_5~patient_10~patient_13~patient_3~patient_3	3.2	4	4.359920554853698e-07	0.993374747670114	0.5271871451852315	0.569629567202452
48	MAP4K2	0.0862338166998434	0.9407774874703104	0.4476847154893907	1.3287345670528417	4.342923104481638e-06	4.342923104481638e-06	1.1971578872609256	4.342923104481638e-06	5dist~5dist~5dist~5dist~TSS	block_47052_11_65252988_65252988~block_47049_11_65018730_65018730~block_47048_11_64930634_64930634~block_47047_11_64844224_64844224~block_47044_11_64572569_64572569	nan~nan~nan~nan~chr11:mr22037	1~1~1~1~1	1.0~1.0~1.0~1.0~1.0	enhancer~enhancer~enhancer~enhancer~nan	patient_3~patient_6~patient_3~patient_0~patient_8	3.2	4	6.421269977355598e-07	0.9999470506199908	0.5218475406039662	0.5686028406492885
49	CTSD	0.8910630764117402	0.6643214976434341	0.1264410957882737	2.308918507877032	4.342923104481638e-06	0.9306649652100608	0.9200594028476378	4.342923104481638e-06	5dist~5dist~5dist~5dist~5dist~5dist~5dist~5dist~5dist~TES	block_45564_11_2118856_2118856~block_45563_11_2102542_2102542~block_45562_11_2076571_2076571~block_45561_11_2057388_2057388~block_45560_11_2029791_2029791~block_45559_11_2023207_2023207~block_45558_11_1988441_1988441~block_45557_11_1832208_1832208~block_45556_11_1813705_1813705~block_45555_11_1772127_1772127	nan~nan~nan~nan~nan~nan~nan~nan~chr11:mr635~chr11:mr617	1~1~1~1~1~1~1~1~1~1	1.0~1.0~1.0~1.0~1.0~1.0~1.0~1.0~1.0~1.0	enhancer~enhancer~enhancer~enhancer~enhancer~nan~enhancer~enhancer~enhancer~nan	patient_10~patient_7~patient_4~patient_3~patient_11~patient_2~patient_6~patient_3~patient_7~patient_7	2.7	7	6.665879581755242e-06	0.9999885295767031	0.5141025641025642	0.568502818106897
50	MRGPRF	2.064996848546345	1.4411714751829885	0.0651431512348851	4.342923104481638e-06	4.342923104481638e-06	4.342923104481638e-06	1.8629625452104877	4.342923104481638e-06	5dist~5dist~5dist~5dist~5dist~5dist~5dist~5dist~5dist~5dist~5dist~5dist~5dist	block_47110_11_69078723_69078723~block_47114_11_69420680_69420680~block_47113_11_69396925_69396925~block_47112_11_69368711_69368711~block_47111_11_69174098_69174098~block_47109_11_69076767_69076767~block_47108_11_69058284_69058284~block_47107_11_69020647_69020647~block_47106_11_69001437_69001437~block_47105_11_68976860_68976860~block_47104_11_68906374_68906374~block_47103_11_68875863_68875863~block_47102_11_68804173_68804173	chr11:mr24556~nan~nan~chr11:mr24665~nan~nan~nan~nan~nan~chr11:mr24507~nan~nan~chr11:mr24425	1~1~1~1~1~1~1~1~1~1~1~1~1	1.0~1.0~1.0~1.0~1.0~1.0~1.0~1.0~1.0~1.0~1.0~1.0~1.0	enhancer~enhancer~enhancer~enhancer~enhancer~enhancer~nan~enhancer~enhancer~enhancer~enhancer~enhancer~enhancer	patient_3~patient_3~patient_3~patient_10~patient_5~patient_3~patient_11~patient_4~patient_4~patient_2~patient_11~patient_3~patient_8	2.8461538461538463	7	4.352594664285927e-05	1.0	0.5384615384615385	0.5677461532571487
51	ETS2	0.0425794949388494	4.342923104481638e-06	0.172753535902964	1.3808022842070526	1.671416550285798	4.342923104481638e-06	4.342923104481638e-06	4.342923104481638e-06	5dist~5dist~gene~gene	block_1859_21_40090011_40090011~block_1858_21_40073379_40073379~block_1860_21_40179021_40179021~block_1861_21_40195619_40195619	nan~chr21:mr9196~chr21:mr9255~nan	1~1~1~1	1.0~1.0~1.0~1.0	enhancer~enhancer~enhancer~nan	patient_6~patient_10~patient_0~patient_0	3.5	3	1.731456970970322e-06	0.999999995339058	0.5581671541305422	0.5675451143615741
52	CHEK2	4.342923104481638e-06	1.3106023371787177	1.237246435066626	4.342923104481638e-06	4.342923104481638e-06	4.342923104481638e-06	4.342923104481638e-06	4.342923104481638e-06	gene~gene	block_2167_22_29107469_29107469~block_2166_22_29102891_29102891	nan~chr22:mr6568	1~1	1.0~1.0	enhancer~enhancer	patient_7~patient_2	4.0	2	5.045487713009198e-05	0.9999999301071888	0.5949934002348622	0.5667274693482003
53	BRI3BP	0.5052750731452137	1.9783972839717576	0.0656480215930684	1.144420277498282	4.342923104481638e-06	4.342923104481638e-06	1.0639388833900116	4.342923104481638e-06	gene~5dist~5dist~5dist~5dist~5dist~5dist	block_57412_12_125492119_125492119~block_57411_12_125403950_125403950~block_57410_12_125387172_125387172~block_57409_12_125236595_125236595~block_57408_12_125193642_125193642~block_57407_12_125138872_125138872~block_57406_12_125105577_125105577	nan~nan~nan~chr12:mr47765~nan~nan~chr12:mr47698	1~1~1~1~1~1~1	1.0~1.0~1.0~1.0~1.0~1.0~1.0	enhancer~nan~enhancer~enhancer~enhancer~enhancer~enhancer	patient_2~patient_7~patient_6~patient_11~patient_13~patient_10~patient_8	2.857142857142857	7	9.342621251489636e-05	0.9991775065946042	0.5402930402930404	0.563189147489948
54	MTRF1	0.9621354442256256	2.101823516502324	4.342923104481638e-06	4.342923104481638e-06	4.342923104481638e-06	1.1408016384661226	4.342923104481638e-06	4.342923104481638e-06	gene~gene~5dist~5dist~5dist~5dist	block_51876_13_41859943_41859943~block_51875_13_41855044_41855044~block_51877_13_42002517_42002517~block_51878_13_42103525_42103525~block_51884_13_42610740_42610740~block_51883_13_42570714_42570714	nan~nan~chr13:mr10258~nan~nan~nan	1~1~1~1~1~1	1.0~1.0~1.0~1.0~1.0~1.0	enhancer~enhancer~enhancer~enhancer~nan~enhancer	patient_6~patient_1~patient_5~patient_12~patient_10~patient_3	3.0	6	2.991233943927581e-05	0.992989466910015	0.5256410256410257	0.5621697923622
55	GGA2	4.342923104481638e-06	4.342923104481638e-06	0.3733414719145529	1.7031155244614529	4.342923104481638e-06	4.342923104481638e-06	4.342923104481638e-06	4.342923104481638e-06	TSS~gene	block_62627_16_23522147_23522147~block_62626_16_23491313_23491313	chr16:mr12737~nan	1~1	2.0~2.0	nan~nan	patient_3~patient_6	4.0	2	1.4157490538041202e-06	0.8743271639427956	0.5814403906813317	0.5599509645714351
56	SNRNP200	1.3044307729638145	1.8566728700079536	4.342923104481638e-06	4.342923104481638e-06	4.342923104481638e-06	4.342923104481638e-06	1.0100609867154644	4.342923104481638e-06	5dist~5dist~5dist~5dist~5dist~5dist~5dist~5dist	block_14152_2_97198851_97198851~block_14151_2_97158104_97158104~block_14150_2_97064931_97064931~block_14157_2_97416786_97416786~block_14163_2_97700936_97700936~block_14162_2_97687959_97687959~block_14161_2_97539871_97539871~block_14158_2_97420765_97420765	nan~nan~nan~nan~nan~nan~chr2:mr37853~nan	1~1~1~1~1~1~1~1	1.0~1.0~1.0~1.0~1.0~1.0~1.0~1.0	nan~enhancer~enhancer~enhancer~enhancer~enhancer~nan~nan	patient_6~patient_13~patient_1~patient_2~patient_10~patient_13~patient_3~patient_5	2.25	7	8.545071642460727e-08	0.993374747670114	0.4391025641025641	0.5593932269584916
57	SLCO4A1	0.626150491911351	1.8535618647142251	1.5967078548417457	1.1072933621943344	4.342923104481638e-06	4.342923104481638e-06	2.283162276700476	4.342923104481638e-06	TES~gene~gene~5dist~5dist~5dist~5dist~5dist	block_1058_20_61307066_61307066~block_1057_20_61290025_61290025~block_1056_20_61283062_61283062~block_1055_20_61154797_61154797~block_1054_20_61062830_61062830~block_1053_20_60959506_60959506~block_1047_20_60675082_60675082~block_1045_20_60536846_60536846	nan~nan~nan~nan~nan~chr20:mr28904~nan~nan	1~1~1~1~1~1~1~1	1.0~1.0~1.0~1.0~1.0~1.0~1.0~1.0	enhancer~nan~enhancer~enhancer~enhancer~nan~enhancer~enhancer	patient_1~patient_6~patient_3~patient_3~patient_11~patient_4~patient_9~patient_6	3.0	6	6.20615896136188e-05	0.9999999183360752	0.5256410256410257	0.5588894440096659
58	TCF7	0.7963960484955079	2.20690839982342	4.342923104481638e-06	1.2651201972073725	4.342923104481638e-06	4.342923104481638e-06	4.342923104481638e-06	4.342923104481638e-06	5dist~5dist~5dist~5dist~5dist	block_20937_5_133187301_133187301~block_20938_5_133203079_133203079~block_20939_5_133265131_133265131~block_20941_5_133396929_133396929~block_20940_5_133266407_133266407	nan~chr5:mr39705~chr5:mr39736~nan~chr5:mr39736	1~1~1~1~1	1.0~1.0~1.0~1.0~1.0	enhancer~enhancer~enhancer~enhancer~enhancer	patient_11~patient_12~patient_6~patient_10~patient_11	3.0	4	4.1040594395096906e-07	0.9999999893004136	0.4946878929549625	0.5550362514948923
59	TIMP2	0.1542757867211551	1.6399749108106023	0.6292834114604543	4.342923104481638e-06	4.342923104481638e-06	4.342923104481638e-06	4.342923104481638e-06	4.342923104481638e-06	gene	block_62241_17_76895723_76895723	chr17:mr39739	1	1.0	enhancer	patient_5	4.0	1	1.7357936262359382e-05	0.9999853104741192	0.6097021910308963	0.5548510955154482
60	CPNE5	0.8062911676046451	2.274905478918531	1.815024809301739	4.342923104481638e-06	4.342923104481638e-06	4.342923104481638e-06	4.342923104481638e-06	4.342923104481638e-06	5dist~5dist~gene~gene~gene	block_33039_6_37118427_37118427~block_33038_6_37080048_37080048~block_33036_6_36774263_36774263~block_33035_6_36746166_36746166~block_33034_6_36715268_36715268	nan~chr6:mr18608~nan~nan~nan	1~1~1~1~1	1.0~1.0~1.0~1.0~1.0	enhancer~enhancer~enhancer~enhancer~nan	patient_1~patient_12~patient_3~patient_3~patient_5	3.6	4	0.0007345165714192	0.9999995796342463	0.5487179487179488	0.5533876469380526
61	FTH1	0.0426274007015506	4.342923104481638e-06	4.342923104481638e-06	1.681727919788373	4.342923104481638e-06	4.342923104481638e-06	4.342923104481638e-06	4.342923104481638e-06	gene~5dist	block_46997_11_61732866_61732866~block_46998_11_61779587_61779587	chr11:mr20517~nan	1~1	1.0~1.0	nan~enhancer	patient_5~patient_5	3.5	1	8.247603608274477e-08	1.0	0.6001518486499624	0.5500759243249812
62	CEBPB	0.0416224877272918	4.342923104481638e-06	0.37912512757703	3.958607314841775	4.342923104481638e-06	4.342923104481638e-06	3.508638306165728	4.342923104481638e-06	TSS~TES	block_814_20_48803661_48803661~block_815_20_48810721_48810721	chr20:mr22528~chr20:mr22530	1~1	1.0~1.0	nan~nan	patient_5~patient_2	3.0	2	3.4004903933231427e-09	0.9999999999516757	0.5607944125508888	0.5496279754941326
63	ZNF70	0.1654457855962242	1.6088883862971974	4.342923104481638e-06	4.342923104481638e-06	4.342923104481638e-06	4.342923104481638e-06	4.342923104481638e-06	4.342923104481638e-06	TSS	block_2093_22_24095585_24095585	chr22:mr3686	1	1.0		patient_3	4.0	1	4.098829598117733e-05	1.0	0.5978592418562011	0.5489296209281006
64	SMIM20	0.6418556754878251	1.0333421157982423	0.6127703937994706	1.3725317275402904	4.342923104481638e-06	1.3324536604884836	4.342923104481638e-06	4.342923104481638e-06	gene~5dist~5dist~5dist	block_22632_4_25929519_25929519~block_22631_4_25894407_25894407~block_22630_4_25889474_25889474~block_22629_4_25865195_25865750	nan~nan~nan~chr4:mr9933	1~1~1~1	1.0~1.0~1.0~1.0	enhancer~enhancer~enhancer~nan	patient_3~patient_12~patient_3~patient_3	2.75	2	2.8245834907628763e-10	1.0	0.5534433592901025	0.5459524488758205
65	CLU	0.1598876296567687	1.625068446021812	4.342923104481638e-06	4.342923104481638e-06	4.342923104481638e-06	4.342923104481638e-06	4.342923104481638e-06	4.342923104481638e-06	TSS~gene	block_39481_8_27468102_27468102~block_39481_8_27468102_27468102	chr8:mr12847~chr8:mr12847	1~1	1.0~1.0	nan~nan	patient_12~patient_12	4.0	1	1.9964839332063247e-05	0.9668600526428648	0.5912097946134276	0.5456048973067138
66	MXRA7	0.0426753117491802	1.352519226826324	0.3726239007336686	4.342923104481638e-06	4.342923104481638e-06	4.342923104481638e-06	1.573326111978627	4.342923104481638e-06	5dist~gene	block_62210_17_75038570_75038570~block_62206_17_74693142_74693142	nan~chr17:mr38570	1~1	1.0~2.0	enhancer~enhancer	patient_9~patient_3	3.5	2	2.6379908680465143e-06	0.9999999999999832	0.5523601190146765	0.5454108287381034
67	NCAPD2	0.0418615418979228	1.0490999106336127	0.588363461243531	1.401100112936117	4.342923104481638e-06	4.342923104481638e-06	4.342923104481638e-06	4.342923104481638e-06	gene~TSS~5dist~5dist	block_54766_12_6626174_6626174~block_54765_12_6603420_6603420~block_54762_12_6542439_6542439~block_54761_12_6505007_6505007	nan~nan~nan~chr12:mr3576	1~1~1~1	1.0~1.0~1.0~1.0	nan~nan~enhancer~enhancer	patient_12~patient_8~patient_3~patient_9	3.5	4	0.0009388440117019	0.9999999614116988	0.532051282051282	0.5433619196944794
68	SMOC1	0.1619636110566585	1.5668704824195143	0.6117033743480964	4.342923104481638e-06	4.342923104481638e-06	4.342923104481638e-06	1.895854449445992	4.342923104481638e-06	5dist	block_60261_14_70186376_70186376	chr14:mr17962	1	1.0	enhancer	patient_3	3.0	1	6.393503122426405e-10	1.0	0.5838433301518229	0.5419216650759114
69	CD40	0.4812097788047272	1.163612580673589	0.2470224647016332	3.677780705266081	4.342923104481638e-06	4.342923104481638e-06	4.342923104481638e-06	4.342923104481638e-06	gene~gene~5dist	block_764_20_44749015_44749015~block_765_20_44750309_44750309~block_762_20_44613077_44613077	nan~nan~chr20:mr19883	1~1~1	1.0~1.0~1.0	enhancer~enhancer~enhancer	patient_13~patient_9~patient_4	3.6666666666666665	3	0.00077022560966	0.9999999847411396	0.5213675213675213	0.5393851833763172
70	MGAT1	0.8169865369180704	2.251037138743839	0.4439267707167933	4.342923104481638e-06	4.342923104481638e-06	4.342923104481638e-06	4.342923104481638e-06	4.342923104481638e-06	TES~gene~5dist~5dist~5dist~5dist	block_22006_5_180213437_180213437~block_22006_5_180213437_180213437~block_22011_5_180900027_180900027~block_22010_5_180714636_180714636~block_22009_5_180466863_180466863~block_22008_5_180444183_180444183	chr5:mr60553~chr5:mr60553~nan~nan~nan~nan	1~1~1~1~1~1	1.0~1.0~1.0~1.0~1.0~1.0	enhancer~enhancer~enhancer~enhancer~nan~enhancer	patient_13~patient_13~patient_1~patient_9~patient_3~patient_3	2.833333333333333	4	3.6776307094567213e-07	0.9846820730133212	0.4684231679944	0.538074409942838
71	ARPC3	0.6335583638431668	2.4672456210075024	0.1731415818091725	4.342923104481638e-06	4.342923104481638e-06	4.342923104481638e-06	1.2923446764688131	4.342923104481638e-06	5dist~5dist~5dist~5dist	block_57177_12_111254981_111254981~block_57176_12_111143287_111143287~block_57173_12_111037171_111037171~block_57172_12_111027902_111027902	nan~nan~chr12:mr39377~nan	1~1~1~1	1.0~1.0~1.0~1.0	enhancer~enhancer~enhancer~enhancer	patient_5~patient_3~patient_6~patient_1	3.0	4	1.0584481864563585e-05	0.999997876508491	0.4498650596160281	0.5326243066274445
72	PLEC	0.0121505836393887	4.342923104481638e-06	0.8279519658197443	1.4813544756696884	4.342923104481638e-06	4.342923104481638e-06	1.4658469258149374	4.342923104481638e-06	5dist~TSS~gene~TES	block_42607_8_145915496_145915496~block_42596_8_145024814_145024814~block_42596_8_145024814_145024814~block_42595_8_144985092_144985092	nan~chr8:mr52450~chr8:mr52450~nan	1~1~1~1	1.0~1.0~1.0~1.0	enhancer~nan~nan~enhancer	patient_12~patient_5~patient_5~patient_9	3.5	3	1.3610701217087916e-06	0.8477498525564863	0.5614866942440861	0.531142348722703
73	SLC43A1	1.28642546222793	1.8474059220725303	0.0486576233511407	2.480172006224281	4.342923104481638e-06	1.021773818325474	4.342923104481638e-06	4.342923104481638e-06	5dist~5dist~5dist~5dist~5dist~5dist~5dist~TSS	block_46944_11_58180435_58180435~block_46943_11_58104656_58104656~block_46940_11_57746039_57746039~block_46939_11_57714383_57714383~block_46938_11_57638387_57638387~block_46935_11_57406200_57406200~block_46934_11_57304724_57304724~block_46933_11_57282304_57282304	nan~nan~nan~nan~nan~chr11:mr18656~nan~chr11:mr18566	1~1~1~1~1~1~1~1	1.0~1.0~1.0~1.0~1.0~1.0~1.0~1.0	nan~nan~enhancer~enhancer~enhancer~nan~enhancer~nan	patient_13~patient_5~patient_3~patient_2~patient_2~patient_8~patient_9~patient_4	2.375	7	3.008398341713086e-05	0.9999999999999334	0.4599358974358974	0.5310304047733275
74	NR1H3	0.321017529003075	1.3241300446810431	0.3666224527794604	4.342923104481638e-06	4.342923104481638e-06	4.342923104481638e-06	4.342923104481638e-06	4.342923104481638e-06	5dist~gene	block_46733_11_47221250_47221250~block_46735_11_47286517_47286517	chr11:mr16487~nan	1~1	1.0~1.0	enhancer~nan	patient_5~patient_13	3.5	2	2.2555896701933965e-05	0.981465012712328	0.5227635247352684	0.5259787847764854
75	SPOCK2	0.1613334771960157	1.6418747147233514	0.6064072498330988	4.342923104481638e-06	4.342923104481638e-06	4.342923104481638e-06	4.342923104481638e-06	4.342923104481638e-06	5dist	block_50183_10_74001240_74001240	chr10:mr30008	1	1.0	enhancer	patient_4	3.0	1	1.2402431925354291e-08	0.9999999947720436	0.5429483885407576	0.5214741929633897
76	LRCH3	0.401855398359214	5.0	0.3451402948786182	4.342923104481638e-06	1.5015515968260005	4.342923104481638e-06	1.1260403452566468	4.342923104481638e-06	gene~5dist~5dist~5dist~5dist~5dist	block_11955_3_197607224_197607224~block_11953_3_197379037_197379037~block_11949_3_197231320_197231320~block_11948_3_197199111_197199111~block_11947_3_197171229_197171229~block_11946_3_197042405_197042405	nan~nan~nan~nan~chr3:mr64597~nan	1~1~1~1~1~1	1.0~1.0~1.0~1.0~1.0~1.0	enhancer~enhancer~enhancer~enhancer~enhancer~enhancer	patient_5~patient_3~patient_3~patient_5~patient_11~patient_6	3.1666666666666665	4	0.0005575696888184	0.9999999290528347	0.4764957264957264	0.51917728560548
77	CKS1B	0.1957174172545517	4.342923104481638e-06	4.342923104481638e-06	1.3945872018469487	4.342923104481638e-06	4.342923104481638e-06	4.342923104481638e-06	4.342923104481638e-06	TSS~5dist~5dist~5dist	block_4833_1_154945026_154945026~block_4832_1_154880447_154880447~block_4831_1_154626654_154626654~block_4827_1_154359915_154359915	nan~chr1:mr55942~nan~chr1:mr55616	1~1~1~1	1.0~1.0~1.0~1.0	nan~enhancer~enhancer~enhancer	patient_8~patient_12~patient_6~patient_7	3.25	4	0.003305590662819	1.0	0.4903846153846154	0.5138486743567301
78	CYB561A3	0.1116463737392681	4.342923104481638e-06	0.8132978774348987	1.5070999888912966	4.342923104481638e-06	4.342923104481638e-06	4.342923104481638e-06	4.342923104481638e-06	5dist~TSS~gene~gene	block_46993_11_61156217_61156217~block_46992_11_61124471_61124471~block_46992_11_61124471_61124471~block_46991_11_61122322_61122322	nan~chr11:mr20162~chr11:mr20162~nan	1~1~1~1	1.0~1.0~1.0~1.0	nan~nan~nan~enhancer	patient_11~patient_9~patient_9~patient_3	3.25	3	0.0002935702156281	1.0	0.4519230769230769	0.5113144484983284
79	ILF3	0.1153688723163533	1.1456332219591303	0.243812869364553	1.4545691705346488	4.342923104481638e-06	4.342923104481638e-06	4.342923104481638e-06	4.342923104481638e-06	TSS~5dist~5dist~5dist	block_64002_19_10759999_10759999~block_64002_19_10759999_10759999~block_64000_19_10645871_10645871~block_63998_19_10526567_10526567	nan~nan~chr19:mr4745~chr19:mr4686	1~1~1~1	1.0~1.0~1.0~1.0	nan~nan~enhancer~nan	patient_5~patient_5~patient_5~patient_6	2.25	2	5.4919653382765314e-11	0.9829412078240446	0.4926960601861473	0.511314101279854
80	SHISA8	0.1617744748800331	1.6362000545208906	0.6165257429499491	4.342923104481638e-06	4.342923104481638e-06	4.342923104481638e-06	4.342923104481638e-06	4.342923104481638e-06	TSS	block_2357_22_42314550_42314550	chr22:mr14271	1	2.0		patient_3	4.0	1	0.0135170913399815	1.0	0.5178894020565802	0.5089447010282901
81	CD274	0.6390092014210786	4.342923104481638e-06	4.342923104481638e-06	1.3989182722159768	4.342923104481638e-06	4.342923104481638e-06	4.342923104481638e-06	4.342923104481638e-06	5dist~5dist~gene~5dist	block_36179_9_4946043_4946043~block_36180_9_4976087_4976087~block_36185_9_5451954_5451954~block_36183_9_5207089_5207089	nan~nan~chr9:mr2203~nan	1~1~1~1	1.0~1.0~1.0~1.0	nan~enhancer~enhancer~enhancer	patient_8~patient_11~patient_11~patient_5	2.75	3	1.1678639059092538e-06	1.0	0.4385981256058315	0.5077606012644542
82	ZFAND4	0.1607671373775636	4.342923104481638e-06	0.6081654583067138	1.9783972839717576	4.342923104481638e-06	4.342923104481638e-06	4.342923104481638e-06	4.342923104481638e-06	gene	block_49510_10_46149942_46149942	chr10:mr20390	1	1.0	enhancer	patient_10	4.0	1	0.027623965441708	1.0	0.5080321113085337	0.5040160556542668
83	TNFRSF14	0.5182564795795548	0.8130154278399383	0.6328118646143728	2.6757175447023074	1.4077121840478692	1.0564560228465456	1.0433034351053492	4.342923104481638e-06	gene~gene~TSS~5dist~5dist~5dist~5dist	block_2510_1_2489175_2489274~block_2511_1_2490314_2490314~block_2509_1_2488152_2488152~block_2508_1_2471280_2471280~block_2507_1_2387915_2387915~block_2502_1_1940706_1940706~block_2500_1_1827455_1827455	nan~nan~nan~nan~nan~nan~chr1:mr559	2~1~1~1~1~1~1	1.0~1.0~1.0~1.0~1.0~1.0~1.0	nan~nan~nan~enhancer~enhancer~nan~nan	patient_0,patient_4~patient_5~patient_2~patient_0~patient_6~patient_5~patient_1	2.857142857142857	6	4.402012288646218e-06	0.7497092985689798	0.5018315018315018	0.502658834192427
